uid,BLOCK_ADDRESS,Location,Person,Zip
100900,034XX Francis,"(9.235500543E-7, -0.0000022929847665)",Grace,
144174,Conti & River,"(9.235500543E-7, -0.0000022929847665)",Grace,
150740,Bienville St & N Tonti St,"(29.964915470868, -90.082564402144)",Grace,
151725,Bienville St & Chartres St,"(29.954302407578, -90.066664359492)",Grace,
153667,Duane Rd & Paris Rd,"(30.06981132641, -89.94043383606)",Grace,
155573,Harrison Ave & West End Blvd,"(30.005181459098, -90.114606305664)",Grace,
156514,Loyola Ave & Perdido St,"(29.951986971208, -90.075845377429)",Grace,
158421,Abundance St & Oliver White Ave,"(29.987421270545, -90.034290111417)",Grace,
158563,Behrman Ave & Newton St,"(29.944969546977, -90.036803672157)",Grace,
158569,Columbus St & Odeon Ave,"(29.935302226484, -90.022822020245)",Grace,
159057,Bullard Ave & I-10 E,"(30.046046312014, -89.96116653257)",Grace,
159495,Eagle St & Hickory St,"(29.956303702742, -90.131078740776)",Grace,
220813,038XX Ursula Spencer,"(9.235500543E-7, -0.0000022929847665)",Grace,
347846,013XX Laurel,"(9.235500543E-7, -0.0000022929847665)",Grace,
395062,033XX Cecil St,"(29.972725635611, -90.125571314189)",Grace,
469902,020XX Edith Winston,"(9.235500543E-7, -0.0000022929847665)",Grace,
474924,X Ccc In,"(29.938697688387, -90.056297451018)",Grace,
502947,079XX Mullet,"(9.235500543E-7, -0.0000022929847665)",Grace,
632060,Hwy 009XX,"(9.235500543E-7, -0.0000022929847665)",Grace,
1159216,136XX N Lemans Dr,"(9.235500543E-7, -0.0000022929847665)",Grace,70128
1331903,061XX Tullis Drive,"(9.235500543E-7, -0.0000022929847665)",Grace,70131
1335594,037XX N Tonti,"(30.005433564635, -90.074760719477)",Grace,
1336349,055XX Rose,"(29.990790657263, -90.112801368496)",Grace,
1346336,047XX Laine,"(30.027562172897, -89.968171397062)",Grace,
1353126,054XX Grand Bayou,"(30.027168682218, -89.967882874519)",Grace,
1364513,033XX Florence Ave,"(29.928326916768, -90.032391450744)",Grace,
1367948,014XX St Anthony St,"(29.972225274173, -90.061651587152)",Grace,
1367999,014XX St Anthony St,"(29.972225274173, -90.061651587152)",Grace,
1385809,Lelong Ave & Esplanade Ave (3I06),"(29.984307109495, -90.089978495401)",Grace,
1387112,023XX Annette St,"(29.981264156193, -90.063896010588)",Grace,
1387245,059XX Boeing,"(30.027562172897, -89.968171397062)",Grace,
1391694,078XX Chef Menteur Hwy,"(30.013221598347, -89.9950212892)",Grace,
1394491,063XX Chef,"(30.01942969218, -89.963334052224)",Grace,
1395368,025XX St Anthony St,"(29.982627618145, -90.062416096339)",Grace,
1397575,Saint Roch Ave & N Roman St (5G02),"(29.975897473165, -90.053240612584)",Grace,
1402038,037XX Tall Pines,"(29.949838112758, -90.031896265559)",Grace,
1406436,033XX Huntlee Dr,"(29.920699909732, -90.004757164889)",Grace,
1409773,014XX Freret St,"(29.944565029348, -90.083959393397)",Grace,
1414258,024XX Hudson Pl,"(29.929250063486, -89.999083496309)",Grace,
1415368,035XX Elysian Fields Ave,"(29.963491928252, -90.074588660172)",Grace,
1417312,096XX Hayne,"(30.027284329412, -89.967897092396)",Grace,
1420390,019XX Painters,"(29.977138773311, -90.04939632401)",Grace,
1421724,014XX Tupelo St,"(29.963002278859, -90.009553459428)",Grace,
1421836,002XX Vallette St,"(29.953564972583, -90.049030171833)",Grace,
1421913,061XX Tullis Dr,"(29.90640715769, -89.988438926704)",Grace,
1430149,121XX N I-10 Service Rd,"(30.048144638282, -89.959591923909)",Grace,
1436814,068XX Parc Brittany Blvd,"(30.027428708282, -89.999966118121)",Grace,
1440253,070XX Martin Dr,"(30.027353648279, -90.0113411066)",Grace,
1458694,015XX N Dorgenois St,"(29.976981770832, -90.075283929137)",Grace,
1459575,042XX N Claiborne Ave,"(29.970403114122, -90.031943842922)",Grace,
1461888,Chef Menteur Hwy & Downman Rd,"(30.009733896991, -90.020902284083)",Grace,
1471322,012XX Kable,"(29.923639357121, -89.983654280944)",Grace,
1472452,060XX St Claude Ave,"(29.960595302635, -90.011944571591)",Grace,
1473645,012XX Odeon Ave,"(29.942416288934, -90.022523350203)",Grace,
1474633,023XX N Tonti,"(29.956391383607, -90.08526401143)",Grace,
1479053,034XX Livingston St,"(29.97264847, -90.12417223)",Grace,
1482172,072XX Boston Dr,"(30.03705437, -89.9897275)",Grace,
1482589,012XX S Genois St,"(29.95865001, -90.1062806)",Grace,
1484532,107XX Roger Dr,"(30.0415009, -89.97201047)",Grace,
1487129,023XX Kraft Pl,"(29.93134667, -90.03369968)",Grace,
1487168,031XX N Miro St,"(29.97897365, -90.04010005)",Grace,
1487409,025XX Bienville St,"(29.97962051, -90.10361001)",Grace,
1496372,038XX Saint Bernard Ave,"(29.99572116, -90.0789517)",Grace,
1498354,055XX Tullis Dr,"(29.94983828, -90.03189416)",Grace,
1500255,067XX Tara Ln,"(30.02944135, -89.9844673)",Grace,
1500461,020XX Felicity St,"(29.93986825, -90.08181967)",Grace,
1501235,075XX Dune Dr,"(30.05669831, -89.95871355)",Grace,
1501305,139XX Wales St,"(30.06679649, -89.95100291)",Grace,
1501487,060XX Cameron Blvd,"(30.01942724, -90.06469641)",Grace,
1504258,013XX Jackson Ave,"(29.93401091, -90.08060507)",Grace,
1506534,001XX S Rampart St,"(29.95527713, -90.07284559)",Grace,
1507200,036XX Dumaine St,"(29.9782504, -90.09090352)",Grace,
1508225,101XX Curran Blvd,"(30.04727305, -89.98071308)",Grace,
1508403,036XX Duplessis St,"(29.99710138, -90.07702288)",Grace,
1508493,049XX Laine Ave,"(30.02290831, -89.99114259)",Grace,
1509373,083XX Cohn St,"(29.95368511, -90.12640616)",Grace,
1510771,036XX W Homestead Dr,"(29.93805328, -90.01875922)",Grace,
1512285,023XX Mazant St,"(29.97870362, -90.0305676)",Grace,
1513809,035XX Delachaise St,"(29.94620668, -90.10030666)",Grace,
1516133,070XX Crowder Blvd,"(30.03205044, -89.99409817)",Grace,
1517021,034XX Garden Oaks Dr,"(29.92155869, -90.02282093)",Grace,
1526276,130XX Lemans,"(30.02717238, -89.96786368)",Grace,
1526588,016XX Behrman Ave,"(29.93850551, -90.03714598)",Grace,
1531537,021XX Feliciana St,"(29.97881708, -90.04183434)",Grace,
1531758,009XX Flood St,"(29.95941403, -90.0175687)",Grace,
1533388,Perrault Wlk & Hammond St,"(30.02267171, -89.97181112)",Grace,
1534286,067XX Tara Ln,"(30.03000394, -89.9857424)",Grace,
1534639,043XX N Prieur St,"(29.9728284, -90.02964997)",Grace,
1535038,035XX Coliseum St,"(29.92100887, -90.10046672)",Grace,
1537712,123XX N I-10 Service Rd,"(30.04973218, -89.95670651)",Grace,
1537806,012XX Southlawn Blvd,"(29.94323345, -90.02479437)",Grace,
1539142,076XX Lehigh St,"(30.04798358, -89.97497748)",Grace,
1541816,046XX N Claiborne Ave,"(29.96912622, -90.02576394)",Grace,
1544053,050XX Wilton Dr,"(29.90412532, -89.99166986)",Grace,
1545156,024XX Freret St,"(29.93995135, -90.08897822)",Grace,
1545397,023XX A P Tureaud Ave,"(29.98078238, -90.06706186)",Grace,
1546149,074XX Burke Rd,"(30.03946118, -89.9905465)",Grace,
1546580,028XX Florida Ave,"(29.98532665, -90.04696854)",Grace,
1548940,022XX Deslonde St,"(29.97452565, -90.0201581)",Grace,
1549351,045XX Macarthur Blvd,"(29.92375781, -90.00923799)",Grace,
1551083,033XX General Taylor St,"(29.94413877, -90.10068836)",Grace,
1555189,Wall Blvd & General De Gaulle Dr,"(29.92868481, -90.03108717)",Grace,
1561816,028XX Florida Ave,"(29.98532665, -90.04696854)",Grace,
1568337,069XX Lake Kenilworth Dr,"(29.92413669, -90.02262563)",Grace,
1569728,012XX N Johnson St,"(29.97040558, -90.07328463)",Grace,
1571692,078XX Se,"(29.95648408, -90.08504628)",Grace,
1573643,033XX S Carrollton,"(29.91794306, -90.12737295)",Grace,
1575817,056XX W Forest Isle Dr,"(29.90177214, -89.99438497)",Grace,
1577588,018XX Saint Ann St,"(29.96605962, -90.07439053)",Grace,
1578805,002XX S Cortez St,"(29.97158387, -90.0984483)",Grace,
1583070,037XX Garden Oaks Dr,"(29.91832774, -90.02261178)",Grace,
1586081,023XX A P Tureaud Ave,"(29.98025183, -90.06702456)",Grace,
1587188,I-610 E & I-10 E,"(29.99558558, -90.04602219)",Grace,
1587843,051XX Bundy Rd,"(30.02554328, -89.97999844)",Grace,
1589125,041XX Maple Leaf Dr,"(29.92978433, -90.01941617)",Grace,
1590378,003XX Canal St,"(29.95085975, -90.06509569)",Grace,
1593819,019XX E Homestead Dr,"(29.9366112, -90.01908136)",Grace,
1594759,078XX S Coronet Ct,"(30.02572431, -89.99850027)",Grace,
1600357,Read Blvd & N I-10 Service Rd,"(30.03832433, -89.97686905)",Grace,
1608238,025XX N Tonti St,"(29.98131996, -90.0501366)",Grace,
1617552,Esplanade Ave & Decatur St,"(29.9620185, -90.05807064)",Grace,
1618002,070XX Bundy Rd,"(29.97077709, -90.08329186)",Grace,
1622399,022XX Jefferson Ave,"(29.93476069, -90.11170603)",Grace,
1638625,Earhart Blvd & S Carrollton Ave,"(29.96119106, -90.11498136)",Grace,
1639539,042XX Maple Leaf Dr,"(29.90826259, -89.9928495)",Grace,
1644638,026XX Poydras St,"(29.95824845, -90.09140355)",Grace,
1657308,016XX Robert E Lee Blvd,"(30.02106817, -90.07511775)",Grace,
1658370,027XX Hollygrove St,"(29.96464009, -90.12536072)",Grace,
1666541,063XX Woodland Hwy,"(29.90824777, -89.98774011)",Grace,
1667638,075XX Jonlee Dr,"(30.06004055, -89.95317394)",Grace,
1669148,018XX Painters,"(29.96351527, -90.03589135)",Grace,
1669608,030XX Iberville St,"(29.96913591, -90.09002659)",Grace,
1670018,007XX N Miro St,"(29.96749996, -90.07900564)",Grace,
1671187,144XX Dwyer Blvd,"(30.04169124, -89.91294069)",Grace,
1671201,012XX Saint Bernard Ave,"(29.96815528, -90.06310326)",Grace,
1671293,XX Westpark Ct,"(29.92812786, -90.02293804)",Grace,
1673476,016XX Governor Nicholls St,"(29.9681594, -90.06944445)",Grace,
1674801,034XX Timber Wolf Ln,"(29.89929227, -89.99605258)",Grace,
1675725,068XX Parc Brittany Blvd,"(30.02743072, -89.99996499)",Grace,
1676720,043XX Tulane Ave,"(29.97009529, -90.10871787)",Grace,
1679263,049XX De Montluzin St,"(30.00938675, -90.04942559)",Grace,
1680703,018XX Canal St,"(29.95995482, -90.07866182)",Grace,
1681793,041XX Maple Leaf Dr,"(29.91022492, -89.99187689)",Grace,
1682291,049XX Pauger St,"(30.00891407, -90.06341119)",Grace,
1684442,025XX Palmyra St,"(29.9623162, -90.08703404)",Grace,
1685400,013XX Lakeshore Dr,"(30.02997296, -90.09192321)",Grace,
1686011,016XX Erie St,"(29.92983667, -90.04115051)",Grace,
1688026,019XX N Johnson St,"(29.97721909, -90.06237462)",Grace,
1689425,014XX Governor Nicholls St,"(29.96673421, -90.06746642)",Grace,
1689846,123XX N I-10 Service Rd,"(29.97172906, -90.00175952)",Grace,
1689914,N Galvez St & Orleans Ave,"(29.96719528, -90.0776222)",Grace,
1691442,121XX N I-10 Service Rd,"(30.04724999, -89.96268185)",Grace,
1692579,019XX Louisiana Ave,"(29.93105162, -90.09286931)",Grace,
1694759,027XX 7th St,"(29.93956218, -90.09542549)",Grace,
1698658,027XX Jackson Ave,"(29.94413303, -90.08893703)",Grace,
1699724,064XX Catina St,"(30.00793677, -90.11345329)",Grace,
1702034,070XX Salem Dr,"(30.03556197, -89.98796979)",Grace,
1703946,090XX Cohn,"(29.94911126, -90.1283141)",Grace,
1705165,029XX 3rd St,"(29.94249899, -90.0924577)",Grace,
1709615,031XX Rue Parc Fontaine,"(29.92354469, -90.00999223)",Grace,
1718379,Old Gentilly Rd & France Rd,"(30.00612974, -90.02927429)",Grace,
1718410,075XX Hickman St,"(30.04101401, -89.98863848)",Grace,
1718425,072XX Martin Dr,"(30.0289539, -90.01202016)",Grace,
1720618,147XX Chef Menteur Hwy,"(30.03820564, -89.90725148)",Grace,
1721629,N Broad St & Lafitte St,"(29.96915896, -90.08411527)",Grace,
1722579,034XX Memorial Park Dr,"(29.9186204, -90.02261057)",Grace,
1723094,017XX Pryta,"(29.95926043, -90.06984257)",Grace,
1723888,053XX Pasteur Blvd,"(30.01407991, -90.06251502)",Grace,
1724257,082XX Palm St,"(29.96523889, -90.11241828)",Grace,
1727529,053XX Cameron Blvd,"(30.01354889, -90.0638443)",Grace,
1735997,024XX Freret St,"(29.94010474, -90.08911315)",Grace,
1736493,046XX Baudin St,"(29.97482353, -90.10985028)",Grace,
1736643,031XX Washington Ave,"(29.94366757, -90.09571243)",Grace,
1737795,070XX Bamberry St,"(30.03136554, -90.01102212)",Grace,
1746000,XX Westbank Expy,"(29.92639898, -90.03907108)",Grace,
1747039,016XX Murl St,"(29.93759085, -90.02470202)",Grace,
1747125,052XX Burgundy St,"(29.95990869, -90.02089655)",Grace,
1753971,019XX Martin Luther King Jr Blvd,"(29.94126272, -90.07954525)",Grace,
1754374,017XX Industry St,"(29.98592447, -90.06981503)",Grace,
1755656,006XX Saint Louis St,"(29.95622667, -90.06565514)",Grace,
1757050,012XX S Genois St,"(29.95921358, -90.10588121)",Grace,
1758256,X Canal St,"(29.94961014, -90.06460433)",Grace,
1758413,047XX Tulip,"(30.02756361, -89.96817036)",Grace,
1759646,033XX Garden Oaks Dr,"(29.95648408, -90.08504628)",Grace,
1761107,060XX Wildair Dr,"(30.01930247, -90.06766494)",Grace,
1763112,Downman Rd & Carnot St,"(30.00921828, -90.02066963)",Grace,
1764189,025XX 2nd St L,"(29.94040085, -90.08934179)",Grace,
1768281,Franklin Ave & Abundance St,"(29.98936176, -90.04933996)",Grace,
1771231,014XX Saint Bernard Ave,"(29.9712869, -90.06490876)",Grace,
1773939,013XX Seville Dr,"(30.00979498, -90.07995604)",Grace,
1779747,063XX Pandora St,"(30.02743072, -89.99996499)",Grace,
1779904,Lafitte St & N Broad St,"(29.96915896, -90.08411527)",Grace,
1781108,087XX Gervais St,"(30.04110062, -89.99449698)",Grace,
1781141,009XX N Broad St,"(29.97233965, -90.08121371)",Grace,
1781289,009XX 1st St,"(29.92642305, -90.07817176)",Grace,
1782209,032XX Sullen Pl,"(29.92023841, -89.98569327)",Grace,
1783340,015XX Clouet St,"(29.9719768, -90.0430898)",Grace,
1784261,032XX N Galvez St,"(29.97749956, -90.03936566)",Grace,
1787820,076XX Briarwood Dr,"(30.06286015, -89.9528314)",Grace,
1787976,062XX N Rampart St,"(29.95793987, -90.00989393)",Grace,
1788678,034XX Garden Oaks Dr,"(29.91899593, -90.02311969)",Grace,
1790447,XX Westpark Ct,"(29.92825069, -90.02339542)",Grace,
1791785,021XX Springbrook,"(29.92966597, -90.01978841)",Grace,
1796783,072XX Chef Menteur Hwy,"(30.01433848, -89.98608485)",Grace,
1803085,084XX Forshey St,"(29.96504416, -90.11701549)",Grace,
1803815,136XX N Nemours St,"(30.04150183, -89.92499759)",Grace,
1815763,014XX Alix St,"(29.95190893, -90.04106414)",Grace,
1818084,021XX Thalia St,"(29.94289528, -90.08021838)",Grace,
1819216,062XX Erin Dr,"(30.02994352, -90.02048516)",Grace,
1820608,061XX Tullis Dr,"(29.9064715, -89.98849118)",Grace,
1824709,059XX Denny St,"(30.01497535, -90.02142128)",Grace,
1824722,012XX Canal St,"(29.9560827, -90.07393086)",Grace,
1826114,123XX N I-10 Service Rd,"(30.04973218, -89.95670651)",Grace,
1827877,028XX Bienville St,"(29.96868998, -90.08742805)",Grace,
1828455,Ton & N Cl,"(29.9807438, -90.05883665)",Grace,
1829191,XX Saint Claude Ct,"(29.96094124, -90.01764697)",Grace,
1830537,006XX 9th St,"(29.92031519, -90.0832951)",Grace,
1830726,026XX Toledano St,"(29.93778034, -90.09476061)",Grace,
1832608,070XX Bundy Rd,"(30.03599373, -89.98642993)",Grace,
1833213,Press Dr & Saint Ferdinand Dr,"(30.00886605, -90.04197354)",Grace,
1833595,016XX N Rocheblave St,"(29.97775943, -90.07218531)",Grace,
1840203,034XX Garden Oaks Dr,"(29.92952738, -90.01861896)",Grace,
1840361,150XX Curran Blvd,"(30.0718986, -89.94206844)",Grace,
1844255,Mardi Gras Blvd & Hermosa St,"(29.93805103, -90.0490412)",Grace,
1851259,033XX Garden Oaks Dr,"(29.98168893, -90.06778719)",Grace,
1855496,017XX Nunez St,"(29.93746366, -90.05066673)",Grace,
1860604,027XX Magazine,"(29.93137668, -90.08541996)",Grace,
1861295,051XX St Roch Saint Roch Ave,"(30.00989, -90.05519751)",Grace,
1863344,014XX Odeon Ave,"(29.93981502, -90.02274271)",Grace,
1866509,035XX S Robertson St,"(29.93679427, -90.09702318)",Grace,
1869273,110XX Roger Dr,"(30.04198939, -89.97002271)",Grace,
1870381,025XX Laharpe St,"(29.9782433, -90.07523818)",Grace,
1870674,020XX Lakeshore Dr,"(30.03041694, -90.07216896)",Grace,
1876878,085XX N I-10 Service Rd,"(30.03540302, -89.99677114)",Grace,
1877476,016XX Governor Nicholls St,"(29.96057397, -90.06666241)",Grace,
1877812,004XX Slidell St,"(29.94771748, -90.05176887)",Grace,
1878720,006XX Majestic Pl,"(29.94066926, -90.04806204)",Grace,
1879074,036XX Garden Oaks Dr~,"(29.91962686, -90.02251345)",Grace,
1884686,121XX N I-10 Service Rd,"(30.02756361, -89.96817036)",Grace,
1885387,022XX Delachaise St,"(29.93398518, -90.09570226)",Grace,
1885594,033XX Cleveland Ave,"(29.96841235, -90.09415129)",Grace,
1886166,Frenchmen St & N Claiborne Ave,"(29.9731886, -90.05851409)",Grace,
1892639,034XX Memorial Park Dr,"(29.91841997, -90.02143777)",Grace,
1893562,052XX N Rampart St,"(29.96085841, -90.02068096)",Grace,
1898146,039XX Duplessis St,"(29.99701286, -90.07708381)",Grace,
1898470,017XX Pace Blvd,"(29.93376575, -90.02812735)",Grace,
1899656,033XX Seine St,"(29.92224627, -90.0210775)",Grace,
1899834,033XX Preston Pl,"(29.91856879, -89.98283105)",Grace,
1901786,036XX Napoleon Ave,"(29.94622364, -90.10377015)",Grace,
1904267,Saint Charles Ave & Howard Ave,"(29.94352983, -90.07295271)",Grace,
1905222,French St & Canal Blvd,"(30.00284745, -90.1084187)",Grace,
1909406,030XX Wall Blvd,"(29.93431108, -90.0251904)",Grace,
1914870,008XX Gravier St,"(29.95251524, -90.07219047)",Grace,
1915908,090XX Bunker Hill Rd,"(30.03319352, -89.98721115)",Grace,
1917865,Earhart Blvd & Magnolia St,"(29.94830566, -90.08349436)",Grace,
1919715,019XX Martin Luther King Jr Blvd,"(29.94126272, -90.07954525)",Grace,
1926324,Danneel St & Seventh St,"(29.93307417, -90.09060909)",Grace,
1927957,023XX Annette St,"(29.98118637, -90.06366048)",Grace,
1930403,037XX Garden Oaks Dr,"(29.91849342, -90.02253787)",Grace,
1930921,075XX Patterson Dr,"(29.91993114, -89.97147663)",Grace,
1934863,018XX Oretha Castle Haley Blvd,"(29.93836885, -90.08098476)",Grace,
1934966,029XX Dryades St,"(29.93249307, -90.08981491)",Grace,
1935111,022XX N Broad St,"(29.98774039, -90.06750512)",Grace,
1939706,019XX New Orleans St`,"(29.97620816, -90.0658357)",Grace,
1940045,N Rocheblave St & Columbus St,"(29.97591485, -90.07415889)",Grace,
1940458,047XX Iberville St,"(29.97982424, -90.10657246)",Grace,
1941912,005XX Andry St,"(29.95601842, -90.02055743)",Grace,
1944282,070XX Lawrence Rd,"(30.02907304, -89.99777791)",Grace,
1946470,Lancelot Dr & Chef Menteur Blvd,"(30.01478314, -89.98464355)",Grace,
1946802,085XX N I-10 Service Rd,"(30.03820239, -89.97709764)",Grace,
1947866,016XX Mazant St,"(29.97081129, -90.03302572)",Grace,
1948607,014XX Pauline St,"(29.97001107, -90.03617777)",Grace,
1951636,010XX Lamanche St,"(29.95991279, -90.0150786)",Grace,
1952062,St Bernard Ave & N Claiborne Ave,"(29.972855, -90.06582325)",Grace,
1956779,042XX Ulloa St,"(29.97096089, -90.10709439)",Grace,
1957009,014XX Saint Denis St,"(29.99463452, -90.07754209)",Grace,
1957138,067XX Coventry St,"(30.03240503, -90.01385981)",Grace,
1957787,S Carrollton Ave & Washington Ave,"(29.96566445, -90.11022088)",Grace,
1958725,014XX Independence St,"(29.96931025, -90.03715369)",Grace,
1959784,014XX Benton St,"(29.96420729, -90.011309)",Grace,
1960784,048XX Coronado Dr,"(30.02439292, -89.9644631)",Grace,
1963414,005XX Josephine St,"(29.92578519, -90.07176171)",Grace,
1963461,070XX S Claiborne Ave,"(29.94928338, -90.11554447)",Grace,
1963557,078XX Saint Charles Ave,"(29.94144965, -90.13184896)",Grace,
1964669,078XX Read Blvd,"(30.04671913, -89.98203365)",Grace,
1965971,055XX Tullis Dr,"(29.9008558, -90.00308519)",Grace,
1966410,026XX N Galvez St,"(29.9788639, -90.04620708)",Grace,
1973383,028XX Arts St,"(29.9875131, -90.05122339)",Grace,
1973710,051XX Bundy Rd,"(30.02554328, -89.97999844)",Grace,
1973999,003XX Chartres St,"(29.95454289, -90.06631593)",Grace,
1974135,020XX Spain St,"(29.97805154, -90.05382094)",Grace,
1974344,031XX Blair St,"(29.92087552, -89.98028851)",Grace,
1974898,131XX Sevres St`,"(30.03442041, -89.92995441)",Grace,
1976459,006XX Royal St,"(29.95737151, -90.06518155)",Grace,
1977553,019XX Laharpe St,"(29.97413222, -90.06927815)",Grace,
1979187,060XX Chef Menteur Hwy,"(30.0100373, -90.01924763)",Grace,
1982218,016XX Pauline St,"(29.97154512, -90.03538203)",Grace,
1983133,018XX Pauline St,"(29.97378225, -90.03466633)",Grace,
1983307,017XX Allen St,"(29.97498823, -90.06468803)",Grace,
1983862,061XX Tullis Dr,"(29.9064715, -89.98849118)",Namratha,
1984791,046XX Baudin St,"(29.97518855, -90.10941146)",Namratha,
1984959,018XX Tita St,"(29.93629079, -90.02364721)",Namratha,
1986084,057XX Lafaye St,"(30.01773273, -90.04897951)",Namratha,
1987242,Perdido St & O'Keefe Ave,"(29.95149807, -90.07394248)",Namratha,
1988356,038XX Garden Oaks Dr,"(29.91816567, -90.02294276)",Namratha,
1988672,055XX Wilton Dr,"(30.0147406, -90.06628167)",Namratha,
1990523,015XX Spain St,"(29.97333987, -90.05382518)",Namratha,
1991748,022XX Gravier St,"(29.95866038, -90.08658501)",Namratha,
1995745,029XX General Taylor St,"(29.93973517, -90.09960813)",Namratha,
1996818,021XX Danneel St,"(29.93828824, -90.08268425)",Namratha,
1998509,121XX N I-10 Service Rd,"(29.91635508, -90.11864282)",Namratha,
1999074,018XX N Miro St,"(29.97909547, -90.06511831)",Namratha,
2001198,041XX Davey St,"(29.99915071, -90.08421395)",Namratha,
2002091,054XX Vicksburg St,"(29.98765516, -90.10864119)",Namratha,
2004085,029XX Carondelet St,"(29.93095056, -90.08844888)",Namratha,
2004295,101XX Curran Blvd,"(30.04727305, -89.98071308)",Namratha,
2008695,003XX N Lopez St,"(29.97064368, -90.08996327)",Namratha,
2009195,019XX Filmore Ave,"(29.96230115, -90.05231855)",Namratha,
2014440,039XX Oregon St,"(29.91767785, -90.02820099)",Namratha,
2014555,079XX Haney Dr,"(30.05487147, -89.97040523)",Namratha,
2014768,030XX Marigny St,"(29.98934134, -90.05732299)",Namratha,
2016678,Kerlerec St & N Claiborne Ave,"(29.97010814, -90.06766821)",Namratha,
2018346,014XX Independence St,"(29.97018716, -90.03707436)",Namratha,
2022207,135XX Chef Menteur Hwy,"(30.03178972, -89.92405327)",Namratha,
2023392,020XX Mandeville St,"(29.97819703, -90.05515527)",Namratha,
2027017,101XX Hammond St,,Namratha,
2028625,045XX N Rampart St,"(29.96313113, -90.03071859)",Namratha,
2028863,008XX Atlantic Ave,"(29.94740955, -90.04544089)",Namratha,
2033250,038XX Garden Oaks Dr,"(29.91817729, -90.02292757)",Namratha,
2035573,045XX Coliseum St,"(29.92334644, -90.10353766)",Namratha,
2036668,059XX Boeing St,"(30.01383677, -90.02004147)",Namratha,
2037382,031XX Toulouse St,"(29.9724303, -90.08781304)",Namratha,
2037897,002XX Carondelet St,"(29.95274154, -90.07092043)",Namratha,
2038275,S Dorgenois St & 4th St,"(29.94998914, -90.09892746)",Namratha,
2039459,033XX Kabel,"(29.920299, -90.0110936)",Namratha,
2040844,014XX N Prieur St,"(29.97215372, -90.0708089)",Namratha,
2042633,038XX Mauldin St,"(29.99475338, -90.03155877)",Namratha,
2051272,031XX Rue Parc Fontaine,"(29.92352764, -90.0097566)",Namratha,
2053028,032XX Rue Parc Fontaine,"(29.92259053, -90.01005177)",Namratha,
2053467,090XX Bunker Hill Rd,"(30.03793901, -89.98901248)",Namratha,
2054567,015XX La Salle St,"(29.94336525, -90.08387363)",Namratha,
2059189,016XX Agriculture St,"(29.98717165, -90.07199821)",Namratha,
2059843,080XX Sandy Cove Dr,"(30.06159791, -89.96196243)",Namratha,
2061440,121XX N I-10 Service Rd,"(30.04825109, -89.95958404)",Namratha,
2062054,063XX Hayne Blvd,"(30.03436565, -90.02164048)",Namratha,
2063621,014XX Saint Denis St,"(29.9947276, -90.07607512)",Namratha,
2063898,041XX Cadillac St,"(29.998772, -90.081706)",Namratha,
2069543,034XX S Claiborne Ave,"(29.94127504, -90.09774615)",Namratha,
2070069,024XX Sanctuary Dr,"(29.95011851, -90.03174091)",Namratha,
2071988,051XX Burgundy St,"(29.96014167, -90.02201862)",Namratha,
2072026,008XX Nunez St,"(29.94703423, -90.05091685)",Namratha,
2077964,051XX Bundy Rd,"(30.02554328, -89.97999844)",Namratha,
2079096,013XX Teche St,"(29.94190146, -90.052125)",Namratha,
2079221,018XX Saint Thomas St,"(29.92547034, -90.06975701)",Namratha,
2080033,005XX St Andrews,"(29.93620634, -90.07752567)",Namratha,
2080478,X Dis,"(0.0, 0.0)",Namratha,
2082297,015XX N Roman St,"(29.97258721, -90.06884154)",Namratha,
2083337,019XX Saint Thomas St,"(29.92716334, -90.07069206)",Namratha,
2083843,025XX Agriculture St,"(29.98819651, -90.04979402)",Namratha,
2086058,127XX Hayne Blvd,"(30.06092231, -89.96247546)",Namratha,
2088736,019XX Alvar St,"(29.97406126, -90.03391878)",Namratha,
2089897,047XX Camelot Dr,"(30.02080238, -89.98254547)",Namratha,
2090534,070XX Bundy Rd,"(30.03530435, -89.98654105)",Namratha,
2091569,039XX Annunciation St,"(29.91847051, -90.09601004)",Namratha,
2092620,051XX Bundy Rd,"(30.02756361, -89.96817036)",Namratha,
2093876,035XX Monticello Ave,"(29.97405593, -90.12512423)",Namratha,
2096444,015XX Saint Andrew St,"(29.93434939, -90.0776719)",Namratha,
2099305,Forstall St & N Claiborne Ave,"(29.96717111, -90.01981686)",Namratha,
2100998,070XX Lawrence Rd,"(30.0306218, -89.99506029)",Namratha,
2101000,034XX S Carrollton Ave,"(29.9631178, -90.11261164)",Namratha,
2101027,037XX Garden Oaks Dr,"(29.91837641, -90.02257925)",Namratha,
2103629,005XX Wagner St,"(29.94949563, -90.0393392)",Namratha,
2104260,035XX Paris Ave,"(29.99286392, -90.07286737)",Namratha,
2104672,035XX Nashville Ave,"(29.94801178, -90.10977153)",Namratha,
2104716,035XX Mansfield Ave,"(29.91673765, -89.98182035)",Namratha,
2104746,016XX N Roman St,"(29.97520199, -90.06621911)",Namratha,
2104831,Burgundy St & Canal St,"(29.95509736, -90.07168101)",Namratha,
2105870,020XX Congress St,"(29.97569569, -90.03604104)",Namratha,
2108391,034XX Garden Oaks Dr,"(29.92155849, -90.02282091)",Namratha,
2108922,018XX Saint Thomas St,"(29.91628491, -90.11557105)",Namratha,
2117101,042XX Burgundy St,"(29.9627774, -90.03372152)",Namratha,
2118766,035XX Garden Oaks Dr,"(29.92483049, -90.02157691)",Namratha,
2120595,008XX Canal St,"(29.95446582, -90.07045531)",Namratha,
2125393,Elysian Fields Ave & Chartres St,"(29.96360513, -90.05659239)",Namratha,
2125531,026XX General Meyer Ave,"(29.94257425, -90.02728047)",Namratha,
2126192,068XX Parc Brittany,"(30.027242, -89.999519)",Namratha,
2126693,011XX Wiltz Ln,"(29.94338215, -90.01761807)",Namratha,
2127607,030XX Annette St,"(29.98865578, -90.06433779)",Namratha,
2129341,Orleans Ave & N Miro St,"(29.96783435, -90.07856158)",Namratha,
2131442,021XX Cobblestone Ln,,Namratha,
2141683,050XX Woodland Dr,,Namratha,
2142923,032XX Rue Parc Fontaine,,Namratha,
2143120,034XX N Galvez St,,Namratha,
2169699,090XX Palm St,,Namratha,
2175022,051XX Bundy Rd,,Namratha,
2176522,017XX Nunez St,"(29.93745825, -90.05066122)",Namratha,
2176694,017XX Nunez St,"(29.93745825, -90.05066122)",Namratha,
2177285,051XX Saint Anthony Ave,,Namratha,
2183989,007XX Bourbon St,,Namratha,
2184229,096XX Hayne Blvd,,Namratha,
2190163,022XX Cobblestone,,Namratha,
2200236,015XX Napoleon Ave,,Namratha,
2203470,060XX Chef Menteur Hwy,,Namratha,
2205909,017XX Nunez St,"(29.93745825, -90.05066122)",Namratha,
2210660,077XX S Coronet Ct,,Namratha,
2210741,077XX S Coronet Ct,,Namratha,
2228722,013XX Le Boeuf St,,Namratha,
2233888,003XX S Murat St,"(29.97575928, -90.10667232)",Namratha,
2236160,036XX Piedmont Dr,"(29.99611331, -90.05352855)",Namratha,
2238443,086XX Bill St,,Namratha,
2244867,070XX Lawrence Rd,,Namratha,
2257855,003XX Bourbon St,,Namratha,
2259324,101XX Curran Blvd,,Namratha,
2265787,060XX Chef Menteur Hwy,,Namratha,
2266427,023XX Dumaine St,,Namratha,
2271952,005XX S Carrolton,,Namratha,
2274813,012XX Gallier St,,Namratha,
2294160,042XX Erato St,,Namratha,
2296528,090XX Colapissa St,,Namratha,
2312237,155XX Dwyer Blvd,,Namratha,
2319684,055XX Clements Dr,,Namratha,
2321524,034XX Lousia,,Namratha,
2328830,024XX 3rd St,,Namratha,
2329956,051XX Bundy Rd,,Namratha,
2332639,019XX Flood,,Namratha,
2333295,044XX Congress Dr,,Namratha,
2336736,051XX Bundy Rd,,Namratha,
2340243,034XX Garden Oaks Dr,,Namratha,
2342589,020XX Mazant St,,Namratha,
2345507,005XX Royal St,"(29.95670356, -90.0661791)",Namratha,
2354917,Bourbon St & Conti St,"(29.95628022, -90.06775199)",Namratha,
2359547,003XX Royal St,,Namratha,
2359927,Iberville St & Royal St,,Namratha,
2361599,080XX Trapier Ave,,Namratha,
2362625,Tulane Ave & S Broad St,,Namratha,
2362686,Broadway & Plum Stb,,Namratha,
2365786,038XX Behrman Hwy,,Namratha,
2366239,049XX Chef Menteur Hwy,,Namratha,
2367302,002XX Blk D'Abadie St,,Namratha,
2367592,072XX Chef Menteur Hwyd,,Namratha,
2405829,Read Blvd & Chef Menteur Hwy,"(30.01847555, -89.96795645)",Namratha,
2419485,050XX Lakeshore Dr,"(30.03509952, -90.04263674)",Namratha,
2576732,070XX E Tamaron Blvd,"(30.05589795, -89.94809517)",Namratha,
2639427,Magazine St & Felicity St,"(29.9322162, -90.07308719)",Namratha,
2647644,008XX N Rocheblave St,"(29.96994911, -90.07973262)",Namratha,
2718176,Paris Rd & Duane Rd,"(30.06981865, -89.94043833)",Namratha,
2734445,017XX Nunez St,"(29.93753117, -90.05067446)",Namratha,
2750667,017XX Nunez St,"(29.93753117, -90.05067446)",Namratha,
2765327,005XX Esplanade Ave,,Namratha,
2766374,033XX Behrman Hwy,,Namratha,
2768988,066XX Dwyer Rd,,Namratha,
2769242,063XX Woodland Hwy,,Namratha,
2777295,021XX N Claiborne Ave,,Namratha,
2779115,068XX Parc Brittany,,Namratha,
2784093,Iberville St & Treme St,,Namratha,
2784714,040XX Behrman Pl,,Namratha,
2785621,X Westbank Expy,,Namratha,
2786274,7th St & Danneel St,,Namratha,
2786946,034XX Garden Oaks Dr,,Namratha,
2787923,Iberville St & Royal St,,Namratha,
2797267,065XX Saint Claude Ave,"(29.95800643, -90.00643697)",Namratha,
2808182,024XX Blk Washington Ave,,Namratha,
2808549,086XX Nelson Stb,,Namratha,
2809443,005XX Esplanade Ave,,Namratha,
2813229,071XX Crowder Blvd,,Namratha,
2814231,003XX Charters,,Namratha,
2814888,051XX Bundy Rd,,Namratha,
2815553,041XX N Carr,,Namratha,
2815994,121XX N I-10 Service Rd,,Namratha,
2817518,004XX N Rampart St,,Namratha,
2819470,003XX Blk Treme St,,Namratha,
2819587,018XX Nunez St,"(29.93679088, -90.05007996)",Namratha,
2820131,002XX Poydras,,Namratha,
2826275,060XX Downman Rd,,Namratha,
2841103,063XX Woodland Hwy,,Namratha,
2844246,030XX Metropolitan St,,Namratha,
2844954,Chartres St & Ursulines Aveb,,Namratha,
2846933,355XX N Homestead Dr,,Namratha,
2848315,009XX Marengo Stsil,,Namratha,
2851589,062XX Morrison Rd,,Namratha,
2859515,041XX Jourdan Ave,,Namratha,
2862535,026XX Clover Stb,,Namratha,
2868292,035XX Rue Parc Fontaineb,,Namratha,
2868304,Barracks St & Decatur St,,Namratha,
2870676,045XX Blk Eve St,,Namratha,
2872614,012XX Poydras St,,Namratha,
2875810,029XX General Taylor Stb,,Namratha,
2876828,026XX Gravier St,,Namratha,
2877129,General De Gaulle Dr & Westbank Expy Out,"(29.93043934, -90.03838478)",Namratha,
2877482,018XX Nunez St,"(29.93679088, -90.05007996)",Namratha,
2879140,024XX Dumaine St,,Namratha,
2879850,070XX Crowder Blvd,,Namratha,
2880480,076XX Alabama St,,Namratha,
2881850,026XX Robert St,,Namratha,
2893148,047XX Coronado Dr,,Namratha,
2895353,031XX General Meyer Ave,,Namratha,
2896110,074XX Alabama St,,Namratha,
2897171,015XX Franklin Ave,,Namratha,
2898129,005XX N Rocheblave St,,Namratha,
2898699,105XX Curran Blvdsilv,,Namratha,
2898891,025XX 2nd St,,Namratha,
2900446,005XX Saint Andrew St,,Namratha,
2905476,061XX Tullis Dr,,Namratha,
2905537,036XX Garden Oaks Dr,,Namratha,
2906213,070XX Martin Dr,,Namratha,
2906238,S Peters St & Notre Dame St,,Namratha,
2906654,020XX Louisa St,,Namratha,
2906656,020XX Louisa St,,Namratha,
2906791,Toulouse St & Bourbon St,,Namratha,
2907162,018XX Napoleon Ave,,Namratha,
2907298,022XX Cobblestone Ln,,Namratha,
2907317,070XX Crowder Blvd,,Namratha,
2927724,022XX Delachaise St,"(29.93359486, -90.09559275)",Namratha,
2991062,018XX Nunez St,"(29.93667393, -90.05007205)",Namratha,
3166562,003XX Bourbon St,,Namratha,
3173707,Saint Mary St & Magazine St,"(29.93159842, -90.07386735)",Namratha,
3175574,Bourbon St & Iberville St,,Namratha,
3183373,018XX Pine St,"(29.94787912, -90.11944776)",Namratha,
3185078,001XX Iberville St,,Namratha,
3188429,078XX Scottwood Dr,,Namratha,
3193756,014XX Basin St,,Namratha,
3201132,024XX Elysian Fields,,Namratha,
3203451,123XX N I-10 Service Rd,,Namratha,
3206550,048XX Citrus Dr,,Namratha,
3207238,041XX Davey St,,Namratha,
3208579,036XX Garden Oaks Dr,,Namratha,
3210811,038XX Marigny,,Namratha,
3213326,063XX Hayne Blvd,,Namratha,
3227516,075XX Dominique Pl,,Namratha,
3227998,006XX N Rocheblave St,,Namratha,
3244588,123XX N I-10 Service Rd,"(0.0, 0.0)",Namratha,
3248375,006XX Basin,"(0.0, 0.0)",Namratha,
3251321,Bourbon St & Conti St,"(29.95628022, -90.06775199)",Namratha,
3252246,070XX Bundy Rd,"(0.0, 0.0)",Namratha,
3254156,105XX Curran Blvd,"(0.0, 0.0)",Namratha,
3260192,061XX N Robertson St,"(0.0, 0.0)",Namratha,
3271408,070XX Bundy Rd,"(0.0, 0.0)",Namratha,
3275874,Duane Rd & Paris Rd,"(30.06981865, -89.94043833)",Namratha,
3279401,:34XX Livingston St,"(0.0, 0.0)",Namratha,
3281387,Louisa St & Old Gentilly Rd,"(30.00405399, -90.03570694)",Namratha,
3281507,072XX Basin,"(0.0, 0.0)",Namratha,
3287371,017XX Julie,"(0.0, 0.0)",Namratha,
3292173,018XX Nunez St,"(29.93652596, -90.04989204)",Namratha,
3293229,Paris Rd & Curran Blvd,"(30.07204556, -89.94071765)",Namratha,
3306083,105XX Curran Blvd,"(0.0, 0.0)",Namratha,
3318309,070XX Bundy Rd,"(0.0, 0.0)",Namratha,
3327124,Conti St & Bourbon St,"(29.95628022, -90.06775199)",Namratha,
3336145,Mardi Gras Blvd & Monroe St,"(29.93821553, -90.05172864)",Namratha,
3351664,016XX Onzaga St,"(0.0, 0.0)",Namratha,
3354924,036XX Frenchmen St,"(0.0, 0.0)",Namratha,
3355014,070XX Martin Dr,"(0.0, 0.0)",Namratha,
3360341,016XX Calliope,"(0.0, 0.0)",Namratha,
3371756,132XX N Nemours St,"(0.0, 0.0)",Namratha,
3380340,068XX Parc Brittany,"(0.0, 0.0)",Namratha,
3392629,Bourbon St & Conti St,"(29.95628022, -90.06775199)",Namratha,
3392666,055XX Tullis Dr,"(0.0, 0.0)",Namratha,
3408381,030XX Oliver White Ave,"(0.0, 0.0)",Namratha,
3417257,031XX Rue Parc Fontaine,"(0.0, 0.0)",Namratha,
3431994,Magellan St & Nunez St,"(29.93707135, -90.05046614)",Namratha,
3457059,070XX Bundy Rd,"(0.0, 0.0)",Namratha,
3463418,Cbrunswick Ct & Woodland Dr,"(0.0, 0.0)",Namratha,
3467136,030XX Tulane Ave,"(0.0, 0.0)",Namratha,
3469128,Magellan St & Nunez St,"(29.93707135, -90.05046614)",Namratha,
3477080,Saint Louis St & Basin St,"(0.0, 0.0)",Namratha,
3483066,061XX Tullis Dr,"(0.0, 0.0)",Namratha,
3490501,068XX Parc Brittany Blvd,"(0.0, 0.0)",Namratha,
3492987,Bourbon St & Conti St,"(29.95628022, -90.06775199)",Namratha,
3502231,Canal St & Decatur St,"(29.95198781, -90.06711835)",Namratha,
3505889,123XX N I-10 Service Rd,"(0.0, 0.0)",Namratha,
3507913,037XX Garden Oaks Dr,"(0.0, 0.0)",Namratha,
3539655,147XX Chef Menteur Hwy,"(0.0, 0.0)",Namratha,
3549260,N Galvez St & A P Tureaud Ave,"(0.0, 0.0)",Namratha,
3549995,072XX Chef Menteur Hwy,"(0.0, 0.0)",Namratha,
3564162,070XX Lawrence Rd,"(0.0, 0.0)",Namratha,
3568814,Bienville St & Royal St,"(29.95488494, -90.06755962)",Namratha,
3580327,Hayne Blvd & Downman Rd,"(0.0, 0.0)",Namratha,
3598338,034XX Garden Oaks Dr,"(0.0, 0.0)",Namratha,
3598363,120XX N I-10 Service Rd,"(0.0, 0.0)",Namratha,
3602658,019XX Sofie Wright,"(0.0, 0.0)",Namratha,
3608783,045XX Magnolia,"(0.0, 0.0)",Namratha,
3611967,033XX Pleasure St,"(0.0, 0.0)",Namratha,
3612869,070XX Lake Kenilworth Dr,"(0.0, 0.0)",Namratha,
3615709,061XX Tullis Dr,"(0.0, 0.0)",Namratha,
3617686,002XX Magazine St,"(0.0, 0.0)",Namratha,
3622173,051XX Bundy Rd,"(0.0, 0.0)",Namratha,
3622550,121XX N I-10 Service Rd,"(0.0, 0.0)",Namratha,
3626873,008XX Toulouse,"(0.0, 0.0)",Namratha,
3630466,Oc Haley & Calliope,"(0.0, 0.0)",Namratha,
3632641,003XX Lakeshore Blvd,"(0.0, 0.0)",Namratha,
3633839,085XX N I-10 Service Rd,"(0.0, 0.0)",Namratha,
3643284,055XX Tullis Dr,"(0.0, 0.0)",Namratha,
3647845,048XX America,"(0.0, 0.0)",Namratha,
3653614,034XX Garden Oaks,"(0.0, 0.0)",Namratha,
3674674,020XX Cypress Acres Dr40,"(0.0, 0.0)",Namratha,
3679951,017XX Baronne St,"(0.0, 0.0)",Namratha,
3689115,002XX Baronne St,"(0.0, 0.0)",Namratha,
3689621,070XX Crowder Blvd,"(0.0, 0.0)",Namratha,
3710840,035XX Blk Garden Oaks Dr,"(0.0, 0.0)",Namratha,
3711781,020XX Paris Rd,"(29.98333657, -89.94485812)",Namratha,
3714439,Chef Menteur Hwy & Read Blvd,"(30.01847555, -89.96795645)",Edwin,
3727331,123XX N I-10 Service Rd,"(0.0, 0.0)",Edwin,
3745916,123XX N I-10 Service Rd,"(0.0, 0.0)",Edwin,
3776020,Bourbon St & Toulouse St,"(29.95783188, -90.06637035)",Edwin,
3782332,123XX N I-10 Service Rd,"(0.0, 0.0)",Edwin,
3796072,022XX Blk Dumaine St,"(0.0, 0.0)",Edwin,
3801748,147XX Chef Menteur Hwy,"(0.0, 0.0)",Edwin,
3802704,N Dorgenois St & Arts St,"(29.9831551, -90.0509971)",Edwin,
3813052,No 078XX Oleander St,"(0.0, 0.0)",Edwin,
3844429,050XX Lakeshore Dr,"(30.03520037, -90.04290944)",Edwin,
3844721,035XX Garden Oaks Dr,"(0.0, 0.0)",Edwin,
3869864,017XX Nunez St,"(29.93746366, -90.05066673)",Edwin,
3870576,Bar & Comm,"(0.0, 0.0)",Edwin,
3874611,Chef Menteur Hwy & Read Blvd,"(30.01847555, -89.96795645)",Edwin,
3883144,6th Dist,"(0.0, 0.0)",Edwin,
3883680,034XX S Roman St,"(0.0, 0.0)",Edwin,
3887537,025XX St Clau,"(0.0, 0.0)",Edwin,
3898675,003XX Royal,"(0.0, 0.0)",Edwin,
3903183,002XX O'Keefe Ave,"(0.0, 0.0)",Edwin,
3912189,028XX Magnolia,"(0.0, 0.0)",Edwin,
3914224,Paris Rd & Duane Rd,"(30.06981865, -89.94043833)",Edwin,
3914408,Saint Philip St & Marais St,"(29.96473071, -90.06877823)",Edwin,
3937004,020XX Lakeshore Dr,"(0.0, 0.0)",Edwin,
3949553,037XX General De Gaulle Dr,"(0.0, 0.0)",Edwin,
3973636,040XX Lakeshore Dr,"(30.03534696, -90.04692639)",Edwin,
3975606,002XX Poydras,"(0.0, 0.0)",Edwin,
3987471,014XX N Derbigny St,"(0.0, 0.0)",Edwin,
3989799,Royal St & Saint Peter St,"(29.95800744, -90.06477006)",Edwin,
3993440,011XX Le Boeuf St,"(0.0, 0.0)",Edwin,
4013908,Burgundy St & Conti St,"(29.95750014, -90.06953643)",Edwin,
4015263,010XX Marigny St,"(0.0, 0.0)",Edwin,
4015574,Approx Loc:4325 N Prieur St,"(0.0, 0.0)",Edwin,
4020427,021XX Thalia,"(0.0, 0.0)",Edwin,
4072375,016XX Elysian Fields Ave,"(0.0, 0.0)",Edwin,
4085227,045XX Downman Road,"(0.0, 0.0)",Edwin,
4094598,Chef Menteur Hwy & Papania Dr,"(30.0206438, -89.95924462)",Edwin,
4109980,Conti St & Bourbon St,"(29.95628022, -90.06775199)",Edwin,
4111638,US90B W,"(29.9377056, -90.05754958)",Edwin,
4126723,Saint Ann St & N Rampart St,"(0.0, 0.0)",Edwin,
4130176,Hwy 996 & Box 176,"(0.0, 0.0)",Edwin,
4144288,093XX Forshey,"(0.0, 0.0)",Edwin,
4170170,002XX Blk Athis St,POINT (0 0),Edwin,
4173409,001XX Blk Rousselin Dr,POINT (0 0),Edwin,
4182766,021XX Pauger St,POINT (0 0),Edwin,
4193194,001XX Blk N Miro St,POINT (0 0),Edwin,
4209453,032XX Saint Ferdinand St,POINT (0 0),Edwin,
4209555,022XX Magic Walk,POINT (0 0),Edwin,
4210848,X Papania Dr,POINT (0 0),Edwin,
4225567,036XX Read,POINT (0 0),Edwin,
4285859,Commerce St & Julia St,POINT (-90.06666469 29.94479157),Edwin,
4289022,050XX Lakeshore Dr,POINT (-90.04290944 30.03520037),Edwin,
4292228,053XX Marais St,POINT (0 0),Edwin,
4301477,113XX Fernley Drl,POINT (0 0),Edwin,
4304325,Bourbon St & Conti St,POINT (-90.06775199 29.95628022),Edwin,
4305934,123XX N I-10 Service Rd,POINT (0 0),Edwin,
4328528,Toulouse St & Bourbon St,POINT (-90.06637035 29.95783188),Edwin,
4338206,027XX Lakeshore Dr,POINT (-90.05191217 30.03448415),Edwin,
4348024,105XX Curran Blvd,POINT (0 0),Edwin,
4349614,Martin Luther King Jr Blvd & Reverend John Raphael Jr Way,POINT (0 0),Edwin,
4349728,121XX N I-10 Service Rd,POINT (0 0),Edwin,
4352889,Leonidas St & S Claiborne Ave,POINT (0 0),Edwin,
4361916,001XX Blk S Hennessey St,POINT (0 0),Edwin,
4378181,028XX Spain St,POINT (0 0),Edwin,
4379290,Conti St & Bourbon St,POINT (-90.06775199 29.95628022),Edwin,
4394223,"078XX Chef Menteur Highway, Apartment 121",POINT (0 0),Edwin,
4426102,003XX Blk N Villere St,POINT (0 0),Edwin,
4438163,008XX Iberville St,POINT (0 0),Edwin,
4442457,068XX Parc Brittany Blvd,POINT (0 0),Edwin,
4464585,002XX O'Keefe Ave,POINT (0 0),Edwin,
4476006,032XX Blk Saint Claude Ave,POINT (0 0),Edwin,
4485121,007XX Blk S Jefferson Davis Pkwy,POINT (0 0),Edwin,
4486498,018XX Frenchmen Street,POINT (0 0),Edwin,
4490589,002XX O'Keefe Ave,POINT (0 0),Edwin,
4543022,070XX Lawrence Rd,POINT (0 0),Edwin,
4543406,002XX O'Keefe Ave,POINT (0 0),Edwin,
4553990,123XX S I-10 Service Rd,POINT (0 0),Edwin,
4567539,030XX Blk N Miro St,POINT (0 0),Edwin,
4585678,N Miro St & St Bernard Ave,POINT (0 0),Edwin,
4588237,003XX O'Keefe Ave,POINT (0 0),Edwin,
4588283,XX Marywood,POINT (0 0),Edwin,
4590936,014XX Lafreniere St,POINT (0 0),Edwin,
4612232,023XX Blk Arts St,POINT (0 0),Edwin,
4617408,075XX Alabama St,POINT (-90.02434603 30.02870324),Edwin,
4617427,016XX Blk Saint Charles Ave,POINT (-90.0761924 29.93797771),Edwin,
4617429,027XX Sabine St,POINT (-90.03317461 29.92312972),Edwin,
4617437,057XX Tullis Dr,POINT (-89.99388545 29.90337131),Edwin,
4617457,059XX Hayne Blvd,POINT (-90.02589025 30.03294541),Edwin,
4617462,028XX N Dorgenois St,POINT (-90.04729726 29.98357139),Edwin,
4617488,029XX Blair St,POINT (-89.97975069 29.92267772),Edwin,
4617639,005XX S Carrollton Ave,POINT (-90.13446133 29.94247613),Edwin,
4617646,051XX Basinview Dr,POINT (-90.01282889 30.0234044),Edwin,
4617656,030XX Edith Weston Pl,POINT (-90.03117906 29.98749363),Edwin,
4617657,062XX Chef Menteur Hwy,POINT (-90.01565936 30.01090256),Edwin,
4617659,Canal St & Carondelet St,POINT (-90.07006492 29.95369143),Edwin,
4617820,001XX Pinewood Ct,POINT (-90.02292937 29.93344658),Edwin,
4617831,019XX Wilton Dr,POINT (-90.06700362 30.00860565),Edwin,
4617857,035XX Leonidas St,POINT (-90.11600481 29.96737624),Edwin,
4617859,057XX Hayne Blvd,POINT (-90.02780682 30.03233009),Edwin,
4617933,005XX Saint Mary St,POINT (-90.06936635 29.92737992),Edwin,
4617951,041XX Paris Ave,POINT (-90.07411275 29.99983172),Edwin,
4619597,S Peters St & Poydras St,POINT (-90.06592424 29.94864084),Edwin,
4619643,060XX N Miro St,POINT (-90.00662743 29.97055138),Edwin,
4619731,025XX Eads St,POINT (-90.0474685 29.98391262),Edwin,
4619743,078XX Briarwood Dr,POINT (-89.95598334 30.06576387),Edwin,
4619784,003XX Socrates St,POINT (-90.05238746 29.9410678),Edwin,
4619823,070XX Bunker Hill Rd,POINT (-89.98972116 30.03440626),Edwin,
4619846,010XX Wagner St,POINT (-90.03966238 29.94439157),Edwin,
4619889,121XX N I-10 Service Rd,POINT (-89.95945037 30.0481948),Edwin,
4619917,019XX Leonidas St,POINT (-90.12812867 29.9560189),Edwin,
4619994,079XX Oneida St,POINT (-89.96677665 30.05773266),Edwin,
4620002,062XX Chef Menteur Hwy,POINT (-90.01565936 30.01090256),Edwin,
4620045,Poydras St & Camp St,POINT (-90.06933867 29.94940243),Edwin,
4620058,085XX N I-10 Service Rd,POINT (-89.99285324 30.03182715),Edwin,
4620094,022XX Saint Charles Ave,POINT (-90.08162266 29.93370979),Edwin,
4620146,121XX N I-10 Service Rd,POINT (-89.95945037 30.0481948),Edwin,
4620165,Dreux Ave & Rhodes Dr,POINT (-90.0009036 30.01819172),Edwin,
4620172,XX Versailles Blvd,POINT (-90.11150173 29.95315877),Edwin,
4620188,014XX Canal St,POINT (-90.0744376 29.95724158),Edwin,
4620474,058XX Marigny St,POINT (-90.05925408 30.01853427),Edwin,
4623380,004XX Slidell St,POINT (-90.05150536 29.94772985),Edwin,
4623823,147XX Chef Menteur Hwy,POINT (-89.90725148 30.03820564),Edwin,
4624651,028XX S Liberty St,POINT (-90.09099272 29.93658273),Edwin,
4624681,033XX 1st St,POINT (-90.09359641 29.94726987),Edwin,
4624683,027XX Saint Andrew St,POINT (-90.08727156 29.94419781),Edwin,
4624696,017XX Painters St,POINT (-90.04940585 29.97538574),Edwin,
4624738,121XX N I-10 Service Rd,POINT (-89.95980892 30.04955691),Edwin,
4624841,002XX S Genois St,POINT (-90.09686209 29.9702204),Edwin,
4624862,023XX S Galvez St,POINT (-90.09379163 29.94883427),Edwin,
4624878,044XX Painters St,POINT (-90.05249112 30.00359696),Edwin,
4624905,036XX Erato St,POINT (-90.0944221 29.95160753),Edwin,
4625012,060XX Saint Roch Ave,POINT (-90.05592252 30.02108355),Edwin,
4625108,060XX Dorothea St,POINT (-90.02279379 30.02541899),Edwin,
4626119,005XX Adele Ln,POINT (-90.07126783 29.92606556),Edwin,
4626206,001XX Fairfax Pl,POINT (-89.9918312 29.91582187),Edwin,
4626240,024XX Robert E Lee Blvd,POINT (-90.05554741 30.02258849),Edwin,
4626256,027XX N Robertson St,POINT (-90.04754374 29.97280189),Edwin,
4626290,Aurora Oaks Dr & Anson St,POINT (-90.00588651 29.92773249),Edwin,
4626340,088XX Cohn St,POINT (-90.13094637 29.95766483),Edwin,
4626425,Baronne St & Louisiana Ave,POINT (-90.09243625 29.93015122),Edwin,
4626480,070XX Bullard Ave,POINT (-89.96197621 30.04852075),Edwin,
4626491,101XX Dwyer Rd,POINT (-89.96817036 30.02756361),Edwin,
4626495,088XX Bunker Hill Rd,POINT (-89.99088283 30.03727804),Edwin,
4626503,035XX Broadway St,POINT (-90.10796326 29.96093695),Edwin,
4626513,014XX Saint Maurice Ave,POINT (-90.00861976 29.96305091),Edwin,
4626516,105XX Curran Blvd,POINT (-89.98045801 30.04955596),Edwin,
4626523,031XX Banks St,POINT (-90.09378985 29.96588669),Edwin,
4626560,004XX Magazine St,POINT (-90.06783073 29.9495479),Edwin,
4626570,023XX N Galvez St,POINT (-90.05419346 29.97900712),Edwin,
4626636,040XX Baudin St,POINT (-90.10324363 29.97044088),Edwin,
4626669,079XX Cohn St,POINT (-90.12308565 29.95136822),Edwin,
4626673,019XX Desire St,POINT (-90.03767064 29.97562447),Edwin,
4627007,071XX Chatelain Dr,POINT (-89.95938627 30.05104119),Edwin,
4628362,023XX Charbonnet St,POINT (-90.00955538 29.97341896),Edwin,
4629545,N Galvez St & Elysian Fields Ave,POINT (-90.05776361 29.97867655),Edwin,
4630605,066XX E Hermes St,POINT (-90.01537265 30.02181449),Edwin,
4630610,070XX Lawrence Rd,POINT (-89.99484998 30.03062491),Edwin,
4631588,023XX Desire St,POINT (-90.03683034 29.97949118),Edwin,
4633771,012XX Milton St,POINT (-90.08237719 29.99529648),Edwin,
4633772,048XX Camelot Dr,POINT (-89.98277249 30.02295628),Edwin,
4633782,023XX Piety St,POINT (-90.03796017 29.97965803),Edwin,
4633783,036XX Dickens Dr,POINT (-89.98410082 29.9161882),Edwin,
4633788,025XX Jackson Ave,POINT (-90.08760151 29.94205771),Edwin,
4633793,Bienville St & Bourbon St,POINT (-90.0684521 29.95548846),Edwin,
4633801,147XX Chef Menteur Hwy,POINT (-89.90725148 30.03820564),Edwin,
4633827,027XX Gladiolus St,POINT (-90.04669793 29.99933121),Edwin,
4633832,020XX N Johnson St,POINT (-90.06034572 29.97759456),Edwin,
4633847,023XX Piety St,POINT (-90.03747328 29.98017105),Edwin,
4633902,010XX 6th St,POINT (-90.08357032 29.92525668),Edwin,
4633908,016XX Shirley Dr,POINT (-90.03227009 29.93554258),Edwin,
4633965,019XX Lamanche St,POINT (-90.01157686 29.96996182),Edwin,
4633967,068XX Parc Brittany Blvd,POINT (-89.99827514 30.02723742),Edwin,
4633995,009XX Poeyfarre St,POINT (-90.06862139 29.9414082),Edwin,
4634024,029XX Somerset Dr,POINT (-90.00122658 29.92394423),Edwin,
4634045,034XX Magnolia St,POINT (-90.09742566 29.93797823),Edwin,
4634205,047XX Rosalia Dr,POINT (-89.97315147 30.0210761),Edwin,
4634230,021XX Elysian Fields Ave,POINT (-90.05846154 29.97933501),Edwin,
4634232,060XX Franklin Ave,POINT (-90.0520799 30.02125684),Edwin,
4634238,078XX Sail St,POINT (-89.94489632 30.07172203),Edwin,
4634290,121XX N I-10 Service Rd,POINT (-89.95945037 30.0481948),Edwin,
4634326,040XX Vincennes Pl,POINT (-90.10891725 29.95269354),Edwin,
4634341,031XX Rue Parc Fontaine,POINT (-90.01053639 29.92161092),Edwin,
4634434,086XX Blk Belfast St,POINT (-90.12279328 29.96193557),Edwin,
4634440,029XX Elmwood Park Dr,POINT (-90.03126364 29.92269856),Edwin,
4634460,036XX Garden Oaks Dr,POINT (-90.02265956 29.92003929),Edwin,
4634499,014XX Nunez St,POINT (-90.05031479 29.94106602),Edwin,
4634549,024XX Frenchmen St,POINT (-90.05910982 29.98225384),Edwin,
4634579,028XX N Dorgenois St,POINT (-90.04729726 29.98357139),Edwin,
4634650,XX Shepard Ct,POINT (-90.03405283 29.93609533),Edwin,
4634658,014XX Caton St,POINT (-90.07837352 29.99768186),Edwin,
4634680,014XX N Roman St,POINT (-90.06920572 29.97218812),Edwin,
4634693,041XX Dale St,POINT (-90.00983888 30.01051225),Edwin,
4634754,030XX Gentilly Blvd,POINT (-90.06104989 29.99652823),Edwin,
4634806,057XX Saint Claude Ave,POINT (-90.01409554 29.96057639),Edwin,
4634832,021XX Annette St,POINT (-90.06380203 29.97904539),Edwin,
4634838,023XX New Orleans St,POINT (-90.0662399 29.9811089),Edwin,
4634842,016XX Lafreniere St,POINT (-90.072478 29.99290775),Edwin,
4640144,070XX Lawrence Rd,POINT (0 0),Edwin,
4654015,035XX Canal St,POINT (0 0),Edwin,
4655294,Chef Menteur Hwy & Coronado Dr,POINT (-89.96374896 30.01952477),Edwin,
4673602,X Yorktown Dr,POINT (0 0),Edwin,
4680091,042XX General De Gaulle,POINT (0 0),Edwin,
4683318,004XX Lake Ave,POINT (-90.12560937 29.98965828),Edwin,
4685566,034XX Blk Annette St,POINT (0 0),Edwin,
4712338,057XX Tullis Dr,POINT (0 0),Edwin,
4744463,060XX Bullard,POINT (0 0),Edwin,
4768975,016XX Newton St,POINT (0 0),Edwin,
4771939,070XX Bundy Road,POINT (0 0),Edwin,
4782754,Constance St & Saint Andrew St,POINT (-90.07391543 29.93020113),Edwin,
4782915,003XX Chartres St,POINT (0 0),Edwin,
4802015,055XX Block Clements Drive,POINT (0 0),Edwin,
4847294,086XX Apricot St,POINT (0 0),Edwin,
4847520,016XX N Roman St,POINT (0 0),Edwin,
4863271,078XX Stars,POINT (0 0),Edwin,
4863999,145XX Saigon Dr,POINT (0 0),Edwin,
4866375,005XX Port Of New Orleans Pl,POINT (0 0),Edwin,
4874166,012XX Poydras,POINT (0 0),Edwin,
4889984,026XX S Derbigny St`,POINT (0 0),Edwin,
4891265,011XX Nunez St,POINT (0 0),Edwin,
4920302,Hayne Blvd & Symmes Ave,POINT (-89.98548787 30.04863506),Edwin,
4935491,002XX Blk Carondelet St,POINT (0 0),Edwin,
4938110,054XX Blk S Claiborne Ave,POINT (0 0),Edwin,
4943006,027XX Gadsden St,POINT (-90.26319248 30.0052441),Edwin,
4948784,084XX Blk Colapissa St,POINT (0 0),Edwin,
4963470,031XX Blk General Meyer Ave,POINT (0 0),Edwin,
4968951,045XX Blk Woodland Dr,POINT (0 0),Edwin,
4995372,Chippewa St & Felicity St,POINT (-90.07020376 29.92962306),Edwin,
5009231,002XX O'Keefe Ave,POINT (0 0),Edwin,
5013915,Saint Louis St & Dauphine St,POINT (-90.06797238 29.95763542),Edwin,
5030212,105XX Hayne Blvd,POINT (0 0),Edwin,
5041566,096XX Hayne Blvd,POINT (0 0),Edwin,
5054843,Stephen Girard Ave & Congress Dr,POINT (-90.03251358 30.0088653),Edwin,
5055116,002XX O'Keefe Ave,POINT (0 0),Edwin,
5056999,052XX Blk Bullard Ave,POINT (0 0),Edwin,
5083796,068XX Tara Lane,POINT (0 0),Edwin,
5090638,001XX Iberville St,POINT (0 0),Edwin,
5093904,033XX Canal St,POINT (0 0),Edwin,
5097561,031XX Tulane Ave,POINT (0 0),Edwin,
5098470,013XX Lakeshore Dr,POINT (-90.09192471 30.0299727),Edwin,
5112446,048XX Bonita Drive,POINT (0 0),Edwin,
5122279,047XX Wilson Dr,POINT (0 0),Edwin,
5126781,Saint Ferdinand St & N Rampart St,POINT (-90.04863761 29.96731434),Edwin,
5128131,121XX N I-10 Service Rd,POINT (0 0),Edwin,
5143330,045XX Cardenas Drive,POINT (0 0),Edwin,
5146545,049XX South Claiborne Ave,POINT (0 0),Edwin,
5153339,034XX Broadway Street,POINT (0 0),Edwin,
5157451,S Claiborne Ave & Tulane Aves,POINT (0 0),Edwin,
5159518,024XX A P Tureaud Ave,POINT (0 0),Edwin,
5159938,123XX S-10,POINT (0 0),Edwin,
5159939,123XX S-10,POINT (0 0),Edwin,
5163911,070XX Bundy Rd,POINT (0 0),Edwin,
5166086,002XX Friscoville Ave,POINT (-90.00564513 29.94850212),Edwin,
5168939,050XX Lakeshore Dr,POINT (-90.04290944 30.03520037),Edwin,
5172969,034XX Behrman Hwy,POINT (0 0),Edwin,
5177986,085XX N I-10 Service Rd,POINT (0 0),Edwin,
5181759,016XX Pace Blvd,POINT (0 0),Edwin,
5190913,101XX Curran Blvd,POINT (0 0),Edwin,
5196342,123XX S I-10 Service Road,POINT (0 0),Edwin,
5201636,064XX Fitzhenry Ct,POINT (0 0),Edwin,
5210095,070XX Lawrence Rd,POINT (0 0),Edwin,
5211166,050XX Finch St,POINT (-90.18652397 29.97702934),Edwin,
5222913,039XX Tulane Ave,POINT (0 0),Edwin,
5225948,001XX Blk Martin Luther King Jr Blvd,POINT (0 0),Edwin,
5227345,004XX Pelican Av,POINT (0 0),Edwin,
5232901,067XX Tara Ln,POINT (0 0),Edwin,
5233478,015XX Blk Conti St,POINT (0 0),Edwin,
5233542,013XX St Charles Av,POINT (0 0),Edwin,
5242166,049XX America St,POINT (0 0),Edwin,
5242429,068XX Parc Brittany Blvd,POINT (0 0),Edwin,
5244984,031XX Rue Parc Fontaine,POINT (0 0),Edwin,
5247329,061XX Tullis Dr,POINT (0 0),Edwin,
5253370,033XX Blk Broadway St,POINT (0 0),Edwin,
5259284,070XX Martin Dr,POINT (0 0),Edwin,
5261749,009XX Blk N Broad St,POINT (0 0),Edwin,
5267256,I-510 S,POINT (-89.93958144 30.03324618),Edwin,
5268035,033XX Garden Oaks Dr,POINT (0 0),Edwin,
5273780,007XX N Claiborne Av,POINT (0 0),Edwin,
5276426,054XX N Tonti St,POINT (0 0),Edwin,
5277745,051XX Bundy Rd,POINT (0 0),Edwin,
5292781,155XX Dwyer Blvd,POINT (0 0),Edwin,
5306834,031XX Tulane Av,POINT (0 0),Edwin,
5326167,070XX Lawrence Rd,POINT (0 0),Edwin,
5404020,070XX Lawrence Rd,POINT (0 0),Edwin,
5408151,006XX N Scott St,POINT (0 0),Edwin,
5410466,370XX Blk Johnny Jackson Jr Blvd,POINT (0 0),Edwin,
5431284,051XX Bundy Rd,POINT (0 0),Edwin,
5464389,N I-10 Service Rd & E Tamaron Blvd,POINT (0 0),Edwin,
5469551,070XX Lawrence Rd,POINT (0 0),Edwin,
5478569,070XX Lawrence Rd,POINT (0 0),Edwin,
5489801,068XX Parc Brittany Blvd,POINT (0 0),Edwin,
5499190,005XX Magellan St,POINT (-90.05274342 29.93708715),Edwin,
5525248,070XX Lawrence Rd,POINT (0 0),Edwin,
5528428,013XX Blk Annette St,POINT (0 0),Edwin,
5529287,021XX Browning Ln,POINT (-90.02987316 29.91358943),Edwin,
5539787,009XX Blk N Rampart St,POINT (0 0),Edwin,
5541512,123XX N I-10 Service Rd,POINT (0 0),Edwin,
5551723,055XX Tullis Dr,POINT (0 0),Edwin,
5563273,072XX Chef Menteur Hwy,POINT (0 0),Edwin,
5565473,123XX I-10 Service Rd,POINT (0 0),Edwin,
5590361,032XX Blk S Carrollton Av,POINT (0 0),Edwin,
5595453,123XX S I-10 Service Rd,POINT (0 0),Edwin,
5595470,034XX Garden Oaks Dr,POINT (0 0),Edwin,
5598998,018XX Nunez St,POINT (-90.05007205 29.93667393),Edwin,
5610293,026XX Poydras St,POINT (0 0),Edwin,
5613814,070XX Lake Kenilworth Dr,POINT (0 0),Edwin,
5634996,070XX Lawrence Rd,POINT (0 0),Edwin,
5642379,070XX Crowder Blvd,POINT (0 0),Edwin,
5642606,070XX Crowder Blvd,POINT (0 0),Edwin,
5643196,036XX Blk Texas,POINT (0 0),Edwin,
5663571,070XX Crowder Blvd,POINT (0 0),Edwin,
5676775,061XX Tullis Dr,POINT (0 0),Edwin,
